hii,Why donâ€™t scientists trust atoms? Because they make up everything!
hello,Hey there! How can I help you today?
hii,"I'm doing well, thank you!"
hello,"I'm doing well, thank you!"
hi,Hello there! How can I help you today?
helo,"I'm doing well, thank you!"
hi,Hello there! How can I help you today?
hi,Hello there! How can I help you today?
hi,Hello there! How can I help you today?
hi,Hello there! How can I help you today?
hi,Hello there! How can I help you today?
hello,"I'm doing well, thank you!"
who are you,"I'm doing well, thank you!"
"hey, hi",Hey there! What's up?
"hey,hi
",Hey there! What's up?
"hey, hi
",Hey there! What's up?
"hey, hi
",Hey there! What's up?
"hi
",Hello there! How can I help you today?
"hey, hi",Hey there! What's up?
"hey, hi",Hey there! What's up?
"hey, hi",Hey there! What's up?
"hey, hi",Hey there! What's up?
"hey, hi",Hey there! What's up?
"hey, hi",Hey there! What's up?
"hey, hi",Hey there! What's up?
"hey, hi",Hey there! What's up?
"hey, hi",Hey there! What's up?
"hey, hi",Hey there! What's up?
"hey, hi",Hey there! What's up?
"hey, hi",Hey there! What's up?
"hey, hi",Hey there! What's up?
"hey, hi",Hey there! What's up?
"hey, hi",Hey there! What's up?
"hey, hi",Hey there! What's up?
"hey, hi",Hey there! What's up?
"hey, hi",Hey there! What's up?
"hey, hi",Hey there! What's up?
"hey, hi",Hey there! What's up?
"hey, hi",Hey there! What's up?
"hey, hi",Hey there! What's up?
"hey, hi",Hey there! What's up?
"hey, hi",Hey there! What's up?
"hey, hi",Hey there! What's up?
"hey, hi",Hey there! What's up?
"hey, hi",Hey there! What's up?
"hey, hi",Hey there! What's up?
"hey, hi",Hey there! What's up?
"hey, hi",Hey there! What's up?
"hey, hi",Hey there! What's up?
"hey, hi",Hey there! What's up?
"hey, hi",Hey there! What's up?
"hey, hi",Hey there! What's up?
"hey, hi",Hey there! What's up?
"hey, hi",Hey there! What's up?
"hey, hi",Hey there! What's up?
"hey, hi",Hey there! What's up?
"hey, hi",Hey there! What's up?
"hey, hi",Hey there! What's up?
"hey, hi",Hey there! What's up?
"hey, hi",Hey there! What's up?
"hey, hi",Hey there! What's up?
"hey, hi",Hey there! What's up?
"hey, hi",Hey there! What's up?
"hey, hi",Hey there! What's up?
"hey, hi",Hey there! What's up?
"hey, hi",Hey there! What's up?
"hey, hi",Hey there! What's up?
"hey, hi",Hey there! What's up?
"hey, hi",Hey there! What's up?
"hey, hi",Hey there! What's up?
"hey, hii",Hey there! What's up?
"hey, hi",Hey there! What's up?
"hey, hi",Hey there! What's up?
"hey, hi",Hey there! What's up?
bye,"I'm doing well, thank you!"
"hey, hii",Hey there! What's up?
"hey, hii",Hey there! What's up?
"hey, hii",Hey there! What's up?
"hey, hii",Hey there! What's up?
"hey, hii",Hey there! What's up?
"hey, hii",Hey there! What's up?
hey hii,Hey there! What's up?
"hey, hii",Hey there! What's up?
"hey, hii",Hey there! What's up?
"hey, hi",Hey there! What's up?
"hey, hi",Hey there! What's up?
"hey, hii",Hey there! What's up?
"bye, see you soon",See you later! Take care.
"hey, hi",Hey there! What's up?
"hey, hi",Hey there! What's up?
"hey, hi",Hey there! What's up?
"bye, see you soon",See you later! Take care.
"hey, hii",Hey there! What's up?
"bye, see you soon",See you later! Take care.
"hey, hi",Hey there! What's up?
"bye, see you soon",See you later! Take care.
"hey, hi",Hey there! What's up?
hey hii,Hey there! What's up?
help me with the placement,"Sure, how can I help you today?"
"hey, hi",Hey there! What's up?
who are you,"I'm doing well, thank you!"
"bye, see you soon",See you later! Take care.
i want some help from you,"Sure, how can I help you today?"
"hey, hi",Hey there! What's up?
"hey, hii",Hey there! What's up?
"hey, hi",Hey there! What's up?
"hey, hi",Hey there! What's up?
"hey, hi",Hey there! What's up?
"hey, hi",Hey there! What's up?
"hey, hi",Hey there! What's up?
see you soon,See you later! Take care.
"hey, hi",Hey there! What's up?
"hey, hi",Hey there! What's up?
"hey, hi",Hey there! What's up?
"hey, hi",Hey there! What's up?
"bye, see you soon",See you later! Take care.
hey hii,Hey there! What's up?
hey hii,Hey there! What's up?
"hey, hi",Hey there! What's up?
"hey, hi",Hey there! What's up?
"hey, hi",Hey there! What's up?
"hey, hi",Hey there! What's up?
"hey, hi",Hey there! What's up?
hii,"I'm doing well, thank you!"
hii,"I'm doing well, thank you!"
what are you doing,"I'm doing well, thank you!"
what can i askyou,"I'm doing well, thank you!"
what can i askyou,"I'm doing well, thank you!"
